Resid 1,Resid 2,van der Waals,,,Electrostatic,,,Polar Solvation,,,Non-Polar Solv.,,,TOTAL
,,Avg.,Std. Dev.,Std. Err. of Mean,Avg.,Std. Dev.,Std. Err. of Mean,Avg.,Std. Dev.,Std. Err. of Mean,Avg.,Std. Dev.,Std. Err. of Mean,
MQ-1a,MET   1,-1.33E-05,9.92E-06,6.26E-07,-0.00120392,0.026107536,0.001647893,0.001208375,0.026059274,0.001644847,0,0,0,-8.83E-06
MQ-1a,ALA   2,-7.46E-06,4.20E-06,2.65E-07,-0.00034355,0.000997357,6.30E-05,0.000342713,0.000994763,6.28E-05,0,0,0,-8.30E-06
MQ-1a,HIE   3,-1.80E-05,8.54E-06,5.39E-07,7.84E-05,0.001778512,0.000112259,-7.79E-05,0.001773353,0.000111933,0,0,0,-1.75E-05
MQ-1a,ALA   4,-1.01E-05,3.35E-06,2.11E-07,-0.000103956,0.001074285,6.78E-05,0.000103598,0.001071337,6.76E-05,0,0,0,-1.04E-05
MQ-1a,MET   5,-2.61E-05,7.02E-06,4.43E-07,0.000340299,0.001266847,8.00E-05,-0.000339637,0.001262666,7.97E-05,0,0,0,-2.54E-05
MQ-1a,GLU   6,-3.72E-05,9.14E-06,5.77E-07,0.006578311,0.034906906,0.002203304,-0.006576892,0.034816854,0.00219762,0,0,0,-3.58E-05
MQ-1a,ASN   7,-4.84E-05,7.08E-06,4.47E-07,-0.000141355,0.002903555,0.000183271,0.000141538,0.002891593,0.000182516,0,0,0,-4.83E-05
MQ-1a,SER   8,-6.26E-05,8.23E-06,5.19E-07,0.001744299,0.002383056,0.000150417,-0.001737562,0.002371886,0.000149712,0,0,0,-5.59E-05
MQ-1a,TRP   9,-0.000571116,8.72E-05,5.51E-06,-0.011358375,0.002865734,0.000180884,0.011294825,0.00284826,0.000179781,0,0,0,-0.000634665
MQ-1a,THR  10,-0.000192992,2.13E-05,1.34E-06,0.007196741,0.002523236,0.000159265,-0.007153948,0.002507823,0.000158292,0,0,0,-0.000150199
MQ-1a,ILE  11,-0.000657829,9.91E-05,6.25E-06,-0.002441988,0.003114832,0.000196606,0.00243341,0.003088905,0.00019497,0,0,0,-0.000666406
MQ-1a,SER  12,-0.000258637,2.54E-05,1.61E-06,-0.002427339,0.006549395,0.000413394,0.002405805,0.00650134,0.000410361,0,0,0,-0.000280171
MQ-1a,LYS  13,-0.00033304,4.27E-05,2.70E-06,-0.000600801,0.058163022,0.003671217,0.000691112,0.057915784,0.003655612,0,0,0,-0.000242729
MQ-1a,GLU  14,-0.000436068,4.92E-05,3.10E-06,0.063471841,0.061745195,0.003897322,-0.063225076,0.06142947,0.003877394,0,0,0,-0.000189303
MQ-1a,TYR  15,-0.001310478,0.000148947,9.40E-06,0.011280713,0.009223087,0.000582156,-0.011115538,0.009140457,0.000576941,0,0,0,-0.001145303
MQ-1a,HIE  16,-0.001727442,0.000332319,2.10E-05,0.006909406,0.021107278,0.00133228,-0.006827315,0.020910485,0.001319858,0,0,0,-0.001645351
MQ-1a,ILE  17,-0.002689223,0.000415582,2.62E-05,0.007064036,0.006653387,0.000419958,-0.006965482,0.006591014,0.000416021,0,0,0,-0.002590669
MQ-1a,ASP  18,-0.001336566,0.000140027,8.84E-06,-0.138141175,0.111349091,0.007028292,0.136865307,0.110684997,0.006986375,0,0,0,-0.002612434
MQ-1a,GLU  19,-0.000747968,8.88E-05,5.61E-06,-0.113040255,0.089203258,0.00563046,0.112139446,0.088746565,0.005601634,0,0,0,-0.001648777
MQ-1a,GLU  20,-0.001423203,0.000220166,1.39E-05,-0.235408378,0.098239857,0.006200845,0.233545502,0.097705456,0.006167114,0,0,0,-0.00328608
MQ-1a,VAL  21,-0.004226223,0.000562311,3.55E-05,-0.027938737,0.014837963,0.000936564,0.028392853,0.014766559,0.000932057,0,0,0,-0.003772108
MQ-1a,GLY  22,-0.002633462,0.00036909,2.33E-05,0.017416932,0.009237669,0.000583076,-0.015980299,0.009119159,0.000575596,0,0,0,-0.001196829
MQ-1a,PHE  23,-0.025794295,0.003774101,0.000238219,0.068160179,0.01378082,0.000869838,-0.064632594,0.013123127,0.000828324,0,0,0,-0.022266709
MQ-1a,ALA  24,-0.007547924,0.000962798,6.08E-05,0.016525135,0.012499108,0.000788937,-0.016731817,0.012390752,0.000782097,0,0,0,-0.007754606
MQ-1a,LEU  25,-0.004100171,0.000409799,2.59E-05,-0.020133219,0.007808233,0.000492851,0.019785271,0.007737774,0.000488404,0,0,0,-0.00444812
MQ-1a,PRO  26,-0.001421223,0.000127979,8.08E-06,0.013896506,0.003310798,0.000208976,-0.014119008,0.003317563,0.000209403,0,0,0,-0.001643725
MQ-1a,ASN  27,-0.000872474,9.90E-05,6.25E-06,0.006376355,0.008404218,0.00053047,-0.006304598,0.00832534,0.000525491,0,0,0,-0.000800717
MQ-1a,PRO  28,-0.002023625,0.000227363,1.44E-05,-0.007243032,0.006205315,0.000391676,0.007084841,0.006154844,0.00038849,0,0,0,-0.002181817
MQ-1a,GLN  29,-0.000831454,7.59E-05,4.79E-06,0.004712303,0.006670116,0.000421014,-0.004680199,0.006616838,0.000417651,0,0,0,-0.000799351
MQ-1a,GLU  30,-0.000762064,8.76E-05,5.53E-06,-0.007333789,0.065652997,0.00414398,0.007194554,0.065308319,0.004122225,0,0,0,-0.000901299
MQ-1a,ASN  31,-0.000351892,3.67E-05,2.32E-06,0.001319382,0.00228691,0.000144349,-0.001314247,0.002274587,0.000143571,0,0,0,-0.000346757
MQ-1a,LEU  32,-0.00051755,5.03E-05,3.17E-06,-0.003020363,0.00182988,0.000115501,0.00302861,0.001820408,0.000114903,0,0,0,-0.000509303
MQ-1a,PRO  33,-0.000169299,1.52E-05,9.62E-07,0.002043661,0.00152705,9.64E-05,-0.002039697,0.00151929,9.59E-05,0,0,0,-0.000165335
MQ-1a,ASP  34,-8.23E-05,6.23E-06,3.93E-07,0.017461888,0.023636207,0.001491904,-0.01746212,0.023553392,0.001486677,0,0,0,-8.25E-05
MQ-1a,PHE  35,-0.000122394,8.58E-06,5.42E-07,0.000507888,0.001448173,9.14E-05,-0.00050749,0.001442422,9.10E-05,0,0,0,-0.000121996
MQ-1a,TYR  36,-0.000309681,2.41E-05,1.52E-06,0.00122396,0.001367945,8.63E-05,-0.001219721,0.001358528,8.57E-05,0,0,0,-0.000305442
MQ-1a,ASN  37,-0.000148713,1.48E-05,9.36E-07,0.001874343,0.002909236,0.000183629,-0.001865705,0.00289399,0.000182667,0,0,0,-0.000140076
MQ-1a,ASP  38,-0.00016806,1.55E-05,9.77E-07,0.035841849,0.024560506,0.001550245,-0.035808681,0.024460459,0.00154393,0,0,0,-0.000134892
MQ-1a,TRP  39,-0.000780534,7.21E-05,4.55E-06,0.002364331,0.002877675,0.000181637,-0.00233802,0.002856505,0.000180301,0,0,0,-0.000754223
MQ-1a,MET  40,-0.000622502,7.69E-05,4.86E-06,0.003444761,0.002767724,0.000174697,-0.003431024,0.002746168,0.000173337,0,0,0,-0.000608765
MQ-1a,PHE  41,-0.000348187,3.49E-05,2.20E-06,0.002536554,0.00278161,0.000175574,-0.002506367,0.002764643,0.000174503,0,0,0,-0.000318
MQ-1a,ILE  42,-0.000696625,7.78E-05,4.91E-06,0.003054458,0.003345952,0.000211195,-0.002979171,0.003329132,0.000210133,0,0,0,-0.000621339
MQ-1a,ALA  43,-0.000982426,0.000151448,9.56E-06,0.006669761,0.004499484,0.000284005,-0.006575195,0.004464633,0.000281805,0,0,0,-0.000887861
MQ-1a,LYS  44,-0.000725888,0.000108627,6.86E-06,-0.027533191,0.043531626,0.002747692,0.027434944,0.043323622,0.002734563,0,0,0,-0.000824135
MQ-1a,HIE  45,-0.000526825,5.57E-05,3.52E-06,0.00238104,0.003378054,0.000213221,-0.002357586,0.003359457,0.000212047,0,0,0,-0.000503371
MQ-1a,LEU  46,-0.002618522,0.000373525,2.36E-05,-0.00542302,0.005085404,0.000320988,0.005264211,0.005035485,0.000317837,0,0,0,-0.002777331
MQ-1a,PRO  47,-0.001232701,0.000142939,9.02E-06,-0.00242396,0.005820566,0.000367391,0.002382378,0.005802533,0.000366253,0,0,0,-0.001274283
MQ-1a,ASP  48,-0.000384163,3.44E-05,2.17E-06,0.055168367,0.050206915,0.003169032,-0.054916996,0.049940429,0.003152212,0,0,0,-0.000132793
MQ-1a,LEU  49,-0.000489641,4.79E-05,3.02E-06,-0.002522088,0.002854215,0.000180156,0.002506984,0.002835574,0.00017898,0,0,0,-0.000504745
MQ-1a,ILE  50,-0.001449801,0.000231383,1.46E-05,-0.005477833,0.004462111,0.000281646,0.005417112,0.004427732,0.000279476,0,0,0,-0.001510522
MQ-1a,GLU  51,-0.000449948,6.37E-05,4.02E-06,0.064813606,0.066188487,0.00417778,-0.064535649,0.0658166,0.004154307,0,0,0,-0.000171992
MQ-1a,SER  52,-0.000157817,1.52E-05,9.58E-07,-0.00190253,0.002834767,0.000178929,0.001886347,0.002818342,0.000177892,0,0,0,-0.000174
MQ-1a,GLY  53,-0.000125367,1.53E-05,9.67E-07,-0.002525187,0.002548976,0.00016089,0.002508789,0.002530392,0.000159717,0,0,0,-0.000141765
MQ-1a,GLN  54,-0.00021259,1.79E-05,1.13E-06,-0.001333713,0.002942977,0.000185759,0.001319745,0.002927453,0.000184779,0,0,0,-0.000226558
MQ-1a,LEU  55,-0.000885446,0.000101622,6.41E-06,-0.003338721,0.004078999,0.000257464,0.00331239,0.004048349,0.000255529,0,0,0,-0.000911777
MQ-1a,ARG  56,-0.000790845,8.10E-05,5.11E-06,-0.072218012,0.105877776,0.006682946,0.072126837,0.105206313,0.006640564,0,0,0,-0.00088202
MQ-1a,GLU  57,-0.000163287,1.62E-05,1.02E-06,0.043388367,0.045289548,0.002858651,-0.043352924,0.045103773,0.002846925,0,0,0,-0.000127845
MQ-1a,ARG  58,-0.000256641,2.15E-05,1.36E-06,-0.04139892,0.033089944,0.002088619,0.041334606,0.032946891,0.002079589,0,0,0,-0.000320956
MQ-1a,VAL  59,-0.000423203,4.72E-05,2.98E-06,-0.001198219,0.002874379,0.000181429,0.001199833,0.002855208,0.000180219,0,0,0,-0.00042159
MQ-1a,GLU  60,-0.000185689,2.76E-05,1.74E-06,0.049911785,0.054772737,0.003457225,-0.04989055,0.054527665,0.003441756,0,0,0,-0.000164454
MQ-1a,LYS  61,-0.000104562,8.44E-06,5.33E-07,-0.036763056,0.031535455,0.0019905,0.03673392,0.031428536,0.001983752,0,0,0,-0.000133697
MQ-1a,LEU  62,-0.000228729,2.09E-05,1.32E-06,-6.63E-05,0.001689313,0.000106628,6.62E-05,0.001682838,0.00010622,0,0,0,-0.000228813
MQ-1a,ASN  63,-8.89E-05,7.47E-06,4.72E-07,0.001323765,0.002150158,0.000135717,-0.001325649,0.002139442,0.00013504,0,0,0,-9.07E-05
MQ-1a,MET  64,-0.000133892,1.15E-05,7.23E-07,-0.00076212,0.001411237,8.91E-05,0.000762984,0.001405756,8.87E-05,0,0,0,-0.000133028
MQ-1a,LEU  65,-0.000162422,1.41E-05,8.93E-07,0.001682159,0.001668318,0.000105303,-0.001681693,0.001659697,0.000104759,0,0,0,-0.000161956
MQ-1a,SER  66,-8.89E-05,7.31E-06,4.62E-07,-0.000239124,0.00175291,0.000110643,0.000237323,0.001745706,0.000110188,0,0,0,-9.07E-05
MQ-1a,ILE  67,-0.000288486,2.56E-05,1.62E-06,-0.000709805,0.001994533,0.000125894,0.000710554,0.001985323,0.000125312,0,0,0,-0.000287737
MQ-1a,ASP  68,-9.78E-05,8.43E-06,5.32E-07,0.043273653,0.024751315,0.001562289,-0.043226147,0.024659865,0.001556517,0,0,0,-5.03E-05
MQ-1a,HIE  69,-0.000116996,8.33E-06,5.26E-07,-0.001966665,0.00271257,0.000171216,0.001964251,0.00270332,0.000170632,0,0,0,-0.00011941
MQ-1a,LEU  70,-0.000347896,2.77E-05,1.75E-06,0.000816972,0.001241467,7.84E-05,-0.000809124,0.001235104,7.80E-05,0,0,0,-0.000340048
MQ-1a,THR  71,-0.000129084,1.04E-05,6.55E-07,-0.000157502,0.001478542,9.33E-05,0.000157896,0.001472129,9.29E-05,0,0,0,-0.000128689
MQ-1a,ASP  72,-0.000279761,2.14E-05,1.35E-06,0.023749618,0.049329045,0.003113622,-0.023771143,0.049082417,0.003098055,0,0,0,-0.000301287
MQ-1a,HIE  73,-0.000806669,7.00E-05,4.42E-06,0.008609857,0.005267031,0.000332452,-0.008541239,0.005232307,0.00033026,0,0,0,-0.000738052
MQ-1a,LYS  74,-0.000901582,8.47E-05,5.34E-06,0.02693047,0.075227201,0.004748299,-0.02658355,0.074823907,0.004722843,0,0,0,-0.000554661
MQ-1a,SER  75,-0.000429988,3.40E-05,2.15E-06,0.004035283,0.002537745,0.000160181,-0.003993363,0.002519181,0.000159009,0,0,0,-0.000388068
MQ-1a,GLN  76,-0.000899693,7.76E-05,4.90E-06,0.006733709,0.004381617,0.000276565,-0.006641175,0.004341185,0.000274013,0,0,0,-0.000807159
MQ-1a,ARG  77,-0.006579944,0.000665879,4.20E-05,-0.11675908,0.158937216,0.010032028,0.116724494,0.15753423,0.009943472,0,0,0,-0.00661453
MQ-1a,LEU  78,-0.002112633,0.000226803,1.43E-05,0.005812319,0.004717957,0.000297795,-0.005929279,0.004646872,0.000293308,0,0,0,-0.002229594
MQ-1a,ALA  79,-0.001104574,0.000126449,7.98E-06,-0.000281825,0.004510039,0.000284671,5.91E-05,0.004452232,0.000281022,0,0,0,-0.001327295
MQ-1a,ARG  80,-0.01579902,0.002310767,0.000145854,-0.105289765,0.116617188,0.007360812,0.09136488,0.115542919,0.007293004,0,0,0,-0.029723904
MQ-1a,LEU  81,-0.017122446,0.003484557,0.000219943,-0.00762157,0.012981288,0.000819372,0.006543649,0.01298723,0.000819747,0,0,0,-0.018200367
MQ-1a,VAL  82,-0.00309851,0.000442342,2.79E-05,0.0010689,0.007783339,0.00049128,-0.001210458,0.007773814,0.000490679,0,0,0,-0.003240068
MQ-1a,LEU  83,-0.003040028,0.00042108,2.66E-05,-0.001475151,0.008361838,0.000527795,-0.000156761,0.00829377,0.000523498,0,0,0,-0.00467194
MQ-1a,GLY  84,-0.009228717,0.001983244,0.000125181,-0.007192402,0.018448857,0.001164482,-0.00037439,0.018284815,0.001154127,0,0,0,-0.01679551
MQ-1a,CYS  85,-0.014828143,0.004038027,0.000254878,0.000767845,0.013298589,0.000839399,0.001694618,0.013014224,0.000821451,0,0,0,-0.012365681
MQ-1a,ILE  86,-0.003409291,0.00049823,3.14E-05,0.002979888,0.008127328,0.000512992,-0.002917454,0.008111356,0.000511984,0,0,0,-0.003346857
MQ-1a,THR  87,-0.005864853,0.001042894,6.58E-05,0.013381367,0.008652309,0.000546129,-0.02133398,0.009510235,0.000600281,0,0,0,-0.013817466
MQ-1a,MET  88,-0.078110255,0.028723551,0.001813014,0.021934303,0.028932188,0.001826184,-0.018954681,0.029148097,0.001839812,-0.022051178,0.033921742,0.002141121,-0.097181811
MQ-1a,ALA  89,-0.003473235,0.000564467,3.56E-05,0.000140888,0.007505875,0.000473767,0.002411689,0.00750335,0.000473607,0,0,0,-0.000920657
MQ-1a,TYR  90,-0.001851076,0.000221354,1.40E-05,0.002825956,0.003269678,0.00020638,-0.002699526,0.003277507,0.000206874,0,0,0,-0.001724645
MQ-1a,VAL  91,-0.003344622,0.000528793,3.34E-05,0.001254036,0.009578018,0.000604559,-0.003196199,0.009558035,0.000603298,0,0,0,-0.005286785
MQ-1a,TRP  92,-0.016710912,0.004768349,0.000300975,0.009943625,0.021202964,0.001338319,-0.004813861,0.020571622,0.001298469,0,0,0,-0.011581147
MQ-1a,GLY  93,-0.001042689,0.000142729,9.01E-06,0.009266629,0.010554049,0.000666166,-0.009127582,0.010440335,0.000658988,0,0,0,-0.000903641
MQ-1a,LYS  94,-0.00128808,0.000184099,1.16E-05,-0.063668645,0.072164133,0.00455496,0.063460697,0.071769379,0.004530043,0,0,0,-0.001496028
MQ-1a,GLY  95,-0.000988052,0.000190707,1.20E-05,-0.000714956,0.007184042,0.000453453,0.000679837,0.007119055,0.000449351,0,0,0,-0.001023171
MQ-1a,HIE  96,-0.002569649,0.001104627,6.97E-05,-0.003791657,0.025136864,0.001586625,0.003831789,0.024911936,0.001572427,0,0,0,-0.002529518
MQ-1a,GLY  97,-0.000339486,8.00E-05,5.05E-06,-0.002040745,0.007273651,0.000459109,0.002039291,0.0072072,0.000454914,0,0,0,-0.00034094
MQ-1a,ASP  98,-0.000566936,0.000116591,7.36E-06,0.068813813,0.102756086,0.006485907,-0.068712681,0.102139553,0.006446991,0,0,0,-0.000465805
MQ-1a,VAL  99,-0.001079546,0.000194912,1.23E-05,-0.001840283,0.007812458,0.000493118,0.001819506,0.007736564,0.000488328,0,0,0,-0.001100323
MQ-1a,ARG 100,-0.00083443,9.66E-05,6.10E-06,-0.058098606,0.076029774,0.004798957,0.058057622,0.075651448,0.004775077,0,0,0,-0.000875414
MQ-1a,LYS 101,-0.000607219,9.22E-05,5.82E-06,-0.077152008,0.115811456,0.007309954,0.077043116,0.115159808,0.007268823,0,0,0,-0.000716112
MQ-1a,VAL 102,-0.000373522,4.05E-05,2.56E-06,-0.000750044,0.001828255,0.000115398,0.000749247,0.001816182,0.000114636,0,0,0,-0.000374319
MQ-1a,LEU 103,-0.001208163,0.000153739,9.70E-06,0.000534741,0.002276664,0.000143702,-0.000555673,0.002257698,0.000142505,0,0,0,-0.001229096
MQ-1a,PRO 104,-0.0003399,3.62E-05,2.28E-06,0.001110402,0.002446185,0.000154402,-0.001122964,0.002425085,0.00015307,0,0,0,-0.000352462
MQ-1a,ARG 105,-0.000211167,1.72E-05,1.08E-06,-0.050562964,0.041178019,0.002599133,0.050531801,0.041030451,0.002589819,0,0,0,-0.000242331
MQ-1a,ASN 106,-0.000200657,3.23E-05,2.04E-06,0.001097522,0.002447286,0.000154471,-0.001096996,0.002433616,0.000153608,0,0,0,-0.000200131
MQ-1a,ILE 107,-0.000859191,0.000105556,6.66E-06,0.000397936,0.003724986,0.000235119,-0.000384904,0.003707169,0.000233994,0,0,0,-0.000846159
MQ-1a,ALA 108,-0.000402853,4.00E-05,2.53E-06,0.001773705,0.00259439,0.000163756,-0.001772474,0.002577859,0.000162713,0,0,0,-0.000401622
MQ-1a,VAL 109,-0.000287402,2.38E-05,1.50E-06,0.002984861,0.002475141,0.000156229,-0.002973442,0.002456778,0.00015507,0,0,0,-0.000275984
MQ-1a,PRO 110,-0.000410422,3.81E-05,2.41E-06,0.002663578,0.002847492,0.000179732,-0.002634558,0.002830033,0.00017863,0,0,0,-0.000381402
MQ-1a,TYR 111,-0.006923076,0.001116735,7.05E-05,0.001009697,0.007582231,0.000478586,-0.000817335,0.00753298,0.000475478,0,0,0,-0.006730713
MQ-1a,CYS 112,-0.00081092,9.00E-05,5.68E-06,0.005130649,0.003764668,0.000237624,-0.005074124,0.003735714,0.000235796,0,0,0,-0.000754394
MQ-1a,GLN 113,-0.000422498,3.52E-05,2.22E-06,0.002792697,0.004098542,0.000258698,-0.002767207,0.004078144,0.00025741,0,0,0,-0.000397008
MQ-1a,LEU 114,-0.001135757,0.000108042,6.82E-06,0.004201243,0.004104309,0.000259062,-0.004093912,0.004092584,0.000258322,0,0,0,-0.001028426
MQ-1a,SER 115,-0.001717625,0.000194496,1.23E-05,0.006302076,0.008646792,0.000545781,-0.00624457,0.008568319,0.000540827,0,0,0,-0.00166012
MQ-1a,LYS 116,-0.000745733,9.42E-05,5.94E-06,-0.1033621,0.053462822,0.003374543,0.103040932,0.053180583,0.003356729,0,0,0,-0.0010669
MQ-1a,LYS 117,-0.000578578,5.16E-05,3.26E-06,-0.062765231,0.038549363,0.002433214,0.062645406,0.038355614,0.002420985,0,0,0,-0.000698402
MQ-1a,LEU 118,-0.002016876,0.000219137,1.38E-05,0.008926673,0.006206469,0.000391749,-0.008813351,0.006160706,0.00038886,0,0,0,-0.001903554
MQ-1a,GLU 119,-0.001618976,0.000219244,1.38E-05,0.173957964,0.076944631,0.004856702,-0.17305353,0.076440687,0.004824893,0,0,0,-0.000714542
MQ-1a,LEU 120,-0.009327187,0.001593753,0.000100597,-0.016765211,0.010044526,0.000634005,0.016212598,0.009886372,0.000624022,0,0,0,-0.009879801
MQ-1a,PRO 121,-0.009774032,0.002239324,0.000141345,-0.018124307,0.015536886,0.00098068,0.017139805,0.015492966,0.000977907,0,0,0,-0.010758534
MQ-1a,PRO 122,-0.005152908,0.000660711,4.17E-05,0.000298311,0.009339128,0.000589481,-0.002879024,0.009284888,0.000586057,0,0,0,-0.007733622
MQ-1a,ILE 123,-0.067447725,0.013578414,0.000857062,0.044397012,0.026129163,0.001649258,-0.065792135,0.027367446,0.001727418,-0.000464051,0.001578617,9.96E-05,-0.089306899
MQ-1a,LEU 124,-0.659537649,0.197492277,0.012465602,-0.114018669,0.167525909,0.010574142,0.092621669,0.120501624,0.007605995,-0.513834447,0.142234811,0.008977782,-1.194769096
MQ-1a,VAL 125,-0.636700363,0.163582818,0.010325256,-0.086947243,0.161211192,0.01017556,0.095131781,0.093820293,0.005921884,-0.39722756,0.053417638,0.003371691,-1.025743385
MQ-1a,TYR 126,-2.456183195,0.362304144,0.022868435,-1.067586127,0.260249816,0.016426823,0.624033558,0.133831938,0.008447397,-1.676632406,0.142697476,0.009006985,-4.576368171
MQ-1a,ALA 127,-0.057478709,0.008663154,0.000546813,-0.021078888,0.017835792,0.001125785,0.027841988,0.022732846,0.001434885,-0.000473686,0.000881033,5.56E-05,-0.051189295
MQ-1a,ASP 128,-0.071821203,0.018561255,0.001171576,0.111916586,0.153655504,0.009698649,-0.1287099,0.156427725,0.00987363,-0.001453444,0.004261309,0.000268971,-0.090067962
MQ-1a,CYS 129,-0.447119506,0.181305328,0.011443891,0.019267163,0.14415672,0.009099091,-0.060029498,0.114418053,0.007222003,-0.365438439,0.092504207,0.005838814,-0.85332028
MQ-1a,VAL 130,-0.39459047,0.094897522,0.005989878,-0.018811829,0.065526704,0.004136009,0.064608733,0.056409735,0.003560551,-0.152345207,0.069137428,0.004363916,-0.501138772
MQ-1a,LEU 131,-0.069835729,0.010872444,0.000686263,-0.048503546,0.029742447,0.001877327,0.049588131,0.028485231,0.001797972,0,0,0,-0.068751143
MQ-1a,ALA 132,-0.008168908,0.001147921,7.25E-05,-0.02419996,0.014018578,0.000884845,0.024189753,0.014203155,0.000896495,0,0,0,-0.008179116
MQ-1a,ASN 133,-0.020929793,0.004386861,0.000276896,-0.095815251,0.030996659,0.001956492,0.09292706,0.030367726,0.001916794,0,0,0,-0.023817984
MQ-1a,TRP 134,-0.009942709,0.001172834,7.40E-05,-0.001389769,0.010785133,0.000680752,-0.001231853,0.010913376,0.000688846,0,0,0,-0.012564331
MQ-1a,LYS 135,-0.001770972,0.000176003,1.11E-05,0.024803984,0.071762282,0.004529595,-0.024803155,0.071400272,0.004506745,0,0,0,-0.001770143
MQ-1a,LYS 136,-0.001037335,0.000107467,6.78E-06,0.171424084,0.0949329,0.005992112,-0.170138163,0.094437815,0.005960862,0,0,0,0.000248586
MQ-1a,LYS 137,-0.000733406,0.000106988,6.75E-06,0.124994028,0.097873524,0.006177722,-0.124058203,0.097339931,0.006144042,0,0,0,0.000202418
MQ-1a,ASP 138,-0.000253892,1.90E-05,1.20E-06,-0.114845239,0.06405669,0.004043222,0.114154653,0.063808788,0.004027575,0,0,0,-0.000944478
MQ-1a,PRO 139,-0.000236183,3.15E-05,1.99E-06,-0.007795665,0.00298512,0.000188419,0.00773298,0.0029626,0.000186998,0,0,0,-0.000298869
MQ-1a,ASN 140,-0.000150036,1.65E-05,1.04E-06,-0.001211351,0.004005672,0.000252836,0.001209223,0.003973448,0.000250802,0,0,0,-0.000152163
MQ-1a,LYS 141,-0.000346382,3.55E-05,2.24E-06,0.135587175,0.064917621,0.004097564,-0.13480853,0.064672889,0.004082117,0,0,0,0.000432263
MQ-1a,PRO 142,-0.000601283,7.31E-05,4.62E-06,0.009957562,0.003812055,0.000240615,-0.009866191,0.003778729,0.000238511,0,0,0,-0.000509912
MQ-1a,LEU 143,-0.002486056,0.000346618,2.19E-05,-0.022025689,0.009172155,0.000578941,0.021907777,0.009081719,0.000573233,0,0,0,-0.002603968
MQ-1a,THR 144,-0.001892179,0.000220565,1.39E-05,0.033208355,0.010867998,0.000685982,-0.032725024,0.010741867,0.000678021,0,0,0,-0.001408849
MQ-1a,TYR 145,-0.007881984,0.000978482,6.18E-05,0.032004753,0.008831424,0.000557435,-0.031893574,0.008781788,0.000554302,0,0,0,-0.007770805
MQ-1a,GLU 146,-0.001016785,0.000117353,7.41E-06,-0.165641127,0.098809808,0.00623682,0.164435331,0.0982664,0.00620252,0,0,0,-0.002222582
MQ-1a,ASN 147,-0.000858048,6.50E-05,4.10E-06,0.028820562,0.007369177,0.000465138,-0.028476231,0.007311726,0.000461512,0,0,0,-0.000513717
MQ-1a,MET 148,-0.004014849,0.000449152,2.84E-05,-0.00588588,0.016549139,0.001044572,0.005932108,0.016359227,0.001032585,0,0,0,-0.003968622
MQ-1a,ASP 149,-0.002386645,0.00028133,1.78E-05,-0.053773422,0.113777243,0.007181556,0.053494649,0.113057072,0.007136099,0,0,0,-0.002665418
MQ-1a,VAL 150,-0.00941904,0.001681532,0.000106137,-0.018419414,0.010951235,0.000691236,0.018293912,0.010768457,0.000679699,0,0,0,-0.009544542
MQ-1a,LEU 151,-0.003782841,0.000515038,3.25E-05,-0.009452861,0.008727451,0.000550872,0.009562582,0.00864484,0.000545657,0,0,0,-0.00367312
MQ-1a,PHE 152,-0.007814526,0.001398221,8.83E-05,0.031298566,0.014949596,0.00094361,-0.031206709,0.014850996,0.000937387,0,0,0,-0.007722669
MQ-1a,SER 153,-0.004721956,0.000856493,5.41E-05,-0.038206474,0.017186918,0.001084829,0.037543227,0.016918863,0.001067909,0,0,0,-0.005385203
MQ-1a,PHE 154,-0.040948518,0.011963283,0.000755116,-0.02622941,0.015865846,0.001001443,0.037065749,0.01698336,0.00107198,-0.000979385,0.003728771,0.000235358,-0.031091564
MQ-1a,ARG 155,-0.003825841,0.000420389,2.65E-05,-0.11329943,0.108194828,0.006829197,0.112838857,0.107416271,0.006780055,0,0,0,-0.004286414
MQ-1a,ASP 156,-0.001159793,0.000104676,6.61E-06,0.076344884,0.084899444,0.005358805,-0.075844235,0.084352429,0.005324278,0,0,0,-0.000659143
MQ-1a,GLY 157,-0.00140349,0.000152083,9.60E-06,0.000993127,0.006545152,0.000413126,-0.000966371,0.006477642,0.000408865,0,0,0,-0.001376733
MQ-1a,ASP 158,-0.009817749,0.001212215,7.65E-05,0.354808562,0.20350462,0.012845098,-0.354201849,0.201733933,0.012733333,0,0,0,-0.009211036
MQ-1a,CYS 159,-0.01283847,0.00171831,0.000108459,0.00277939,0.029432428,0.001857758,-0.004775833,0.029201983,0.001843213,0,0,0,-0.014834912
MQ-1a,SER 160,-0.023913398,0.003979271,0.000251169,0.001214865,0.045009472,0.002840973,-0.003947422,0.044540848,0.002811393,0,0,0,-0.026645956
MQ-1a,LYS 161,-0.013069972,0.001915202,0.000120886,0.024050765,0.130504469,0.008237369,-0.026517271,0.130243,0.008220865,0,0,0,-0.015536478
MQ-1a,GLY 162,-0.020083649,0.003910839,0.00024685,-0.146468402,0.029501692,0.00186213,0.132245347,0.027961558,0.001764918,-8.29E-06,0.000131009,8.27E-06,-0.034314991
MQ-1a,PHE 163,-1.728420805,0.356384773,0.022494807,-0.886172637,0.216592055,0.013671169,0.978479052,0.176951949,0.011169108,-1.422036991,0.195920584,0.012366398,-3.058151381
MQ-1a,PHE 164,-0.413108745,0.154631061,0.009760226,-0.451627916,0.101425417,0.006401916,0.523887825,0.10641803,0.006717047,-0.153929457,0.13313967,0.008403701,-0.494778293
MQ-1a,LEU 165,-0.03874796,0.004876336,0.000307792,-0.106967582,0.029197112,0.001842905,0.110230761,0.028102615,0.001773821,0,0,0,-0.035484781
MQ-1a,VAL 166,-0.154138865,0.031715374,0.002001857,-0.134032681,0.073676385,0.004650412,0.167155064,0.074794912,0.004721013,-0.012736033,0.014964466,0.000944549,-0.133752515
MQ-1a,SER 167,-1.403470594,0.251879689,0.015898505,-1.38040141,0.302352446,0.019084317,0.973211793,0.169260621,0.010683636,-1.105334913,0.097120383,0.006130184,-2.915995124
MQ-1a,LEU 168,-0.129964689,0.021085139,0.001330882,-0.223166171,0.048776154,0.003078724,0.158840235,0.039984794,0.002523818,-0.006998175,0.005788862,0.00036539,-0.2012888
MQ-1a,LEU 169,-0.04820588,0.006046507,0.000381652,0.080731426,0.027679983,0.001747145,-0.082163554,0.026284655,0.001659073,0,0,0,-0.049638008
MQ-1a,VAL 170,-0.783149741,0.163328112,0.010309179,0.456957645,0.061105439,0.003856941,-0.337266673,0.049671889,0.003135262,-0.666012058,0.0920916,0.00581277,-1.329470827
MQ-1a,GLU 171,-0.464106434,0.118348494,0.007470091,-0.705326888,0.700374391,0.04420724,0.479802355,0.583359668,0.036821336,-0.163261763,0.067411284,0.004254963,-0.852892731
MQ-1a,ILE 172,-0.024619673,0.003583444,0.000226185,0.075514845,0.013869811,0.000875455,-0.075568052,0.013725456,0.000866343,0,0,0,-0.02467288
MQ-1a,ALA 173,-0.01545994,0.002568107,0.000162098,0.124196339,0.018214449,0.001149686,-0.129608849,0.019070288,0.001203706,0,0,0,-0.02087245
MQ-1a,ALA 174,-0.034745865,0.008066688,0.000509165,0.108375064,0.027395529,0.00172919,-0.108643793,0.027741407,0.001751022,-0.000388825,0.001224432,7.73E-05,-0.035403419
MQ-1a,ALA 175,-0.007569323,0.00150467,9.50E-05,0.048897088,0.012181677,0.000768901,-0.045052426,0.011922885,0.000752566,0,0,0,-0.003724661
MQ-1a,SER 176,-0.002730956,0.000362058,2.29E-05,0.049063785,0.016036234,0.001012198,-0.048364721,0.015847287,0.001000272,0,0,0,-0.002031892
MQ-1a,ALA 177,-0.002388693,0.000476012,3.00E-05,0.024569785,0.009115137,0.000575342,-0.024181936,0.009023023,0.000569528,0,0,0,-0.002000845
MQ-1a,ILE 178,-0.003967657,0.001137202,7.18E-05,0.016772888,0.007727917,0.000487782,-0.016368542,0.00763679,0.00048203,0,0,0,-0.003563311
MQ-1a,LYS 179,-0.001006737,0.00022007,1.39E-05,0.205824243,0.10135827,0.006397677,-0.20420949,0.100806463,0.006362848,0,0,0,0.000608016
MQ-1a,VAL 180,-0.000662757,8.51E-05,5.37E-06,0.009765024,0.004700394,0.000296686,-0.009649199,0.004658232,0.000294025,0,0,0,-0.000546932
MQ-1a,ILE 181,-0.001112633,0.00015957,1.01E-05,0.003095426,0.004650603,0.000293543,-0.003044147,0.004612535,0.000291141,0,0,0,-0.001061355
MQ-1a,PRO 182,-0.000299633,3.79E-05,2.39E-06,0.004585127,0.002396965,0.000151295,-0.004566912,0.002382642,0.000150391,0,0,0,-0.000281418
MQ-1a,THR 183,-0.000181466,1.78E-05,1.12E-06,0.005873665,0.004182125,0.000263973,-0.005822303,0.004152101,0.000262078,0,0,0,-0.000130104
MQ-1a,VAL 184,-0.000309327,3.01E-05,1.90E-06,0.002599582,0.003635838,0.000229492,-0.002565785,0.003609485,0.000227829,0,0,0,-0.00027553
MQ-1a,PHE 185,-0.000214247,1.93E-05,1.22E-06,0.000720665,0.00216706,0.000136784,-0.000712151,0.002152546,0.000135867,0,0,0,-0.000205733
MQ-1a,LYS 186,-0.000100279,9.96E-06,6.28E-07,0.037566211,0.046609204,0.002941947,-0.037368327,0.046468078,0.002933039,0,0,0,9.76E-05
MQ-1a,ALA 187,-5.89E-05,4.39E-06,2.77E-07,0.002382769,0.002035122,0.000128456,-0.002363709,0.002023315,0.000127711,0,0,0,-3.99E-05
MQ-1a,MET 188,-0.000138586,1.12E-05,7.07E-07,-1.65E-05,0.002357772,0.000148821,2.02E-05,0.002343932,0.000147948,0,0,0,-0.000134932
MQ-1a,GLN 189,-6.27E-05,7.13E-06,4.50E-07,-0.000650263,0.002284789,0.000144215,0.000649629,0.002273919,0.000143528,0,0,0,-6.33E-05
MQ-1a,MET 190,-4.30E-05,3.50E-06,2.21E-07,0.000571757,0.001300446,8.21E-05,-0.000566016,0.00129401,8.17E-05,0,0,0,-3.72E-05
MQ-1a,GLN 191,-3.92E-05,2.91E-06,1.84E-07,-0.001249016,0.002026436,0.000127908,0.00124994,0.002017488,0.000127343,0,0,0,-3.83E-05
MQ-1a,GLU 192,-4.95E-05,3.26E-06,2.06E-07,-0.039044964,0.036012752,0.002273105,0.038885988,0.035930008,0.002267882,0,0,0,-0.000208498
MQ-1a,ARG 193,-7.59E-05,4.62E-06,2.92E-07,0.046365187,0.03492927,0.002204716,-0.046179765,0.034849469,0.002199679,0,0,0,0.000109558
MQ-1a,ASP 194,-5.31E-05,3.52E-06,2.22E-07,-0.057047984,0.037898625,0.00239214,0.05680712,0.037807341,0.002386378,0,0,0,-0.000294
MQ-1a,THR 195,-8.29E-05,5.98E-06,3.77E-07,-0.006054382,0.002212217,0.000139634,0.006013271,0.002200267,0.00013888,0,0,0,-0.000123992
MQ-1a,LEU 196,-0.000174367,1.40E-05,8.84E-07,-0.006241394,0.002704368,0.000170698,0.006192454,0.002687761,0.00016965,0,0,0,-0.000223307
MQ-1a,LEU 197,-0.000154438,1.08E-05,6.79E-07,-0.006047968,0.002941787,0.000185684,0.005991438,0.002922275,0.000184452,0,0,0,-0.000210968
MQ-1a,LYS 198,-0.000191586,1.91E-05,1.21E-06,0.089595729,0.05254587,0.003316666,-0.089171892,0.052367418,0.003305402,0,0,0,0.000232251
MQ-1a,ALA 199,-0.000240908,2.09E-05,1.32E-06,-0.011698319,0.003752758,0.000236872,0.011598857,0.003726235,0.000235198,0,0,0,-0.000340371
MQ-1a,LEU 200,-0.000567773,5.27E-05,3.33E-06,-0.013894048,0.004760814,0.0003005,0.013759693,0.004724281,0.000298194,0,0,0,-0.000702127
MQ-1a,LEU 201,-0.000490888,4.73E-05,2.98E-06,-0.014681769,0.00390426,0.000246435,0.014539359,0.003874556,0.00024456,0,0,0,-0.000633299
MQ-1a,GLU 202,-0.000865163,0.00010036,6.33E-06,-0.232462299,0.086084679,0.005433617,0.230673574,0.085670785,0.005407492,0,0,0,-0.002653888
MQ-1a,ILE 203,-0.002405355,0.000301222,1.90E-05,-0.034853645,0.006894869,0.0004352,0.03361157,0.006776873,0.000427752,0,0,0,-0.00364743
MQ-1a,ALA 204,-0.001497398,0.000188672,1.19E-05,-0.030024657,0.007159604,0.00045191,0.029699514,0.007078013,0.00044676,0,0,0,-0.001822542
MQ-1a,SER 205,-0.001498351,0.000190029,1.20E-05,-0.032752908,0.008840822,0.000558028,0.032093785,0.0086987,0.000549057,0,0,0,-0.002157474
MQ-1a,CYS 206,-0.005043869,0.000885452,5.59E-05,-0.056618375,0.010291622,0.000649601,0.052014869,0.010016799,0.000632255,0,0,0,-0.009647375
MQ-1a,LEU 207,-0.024534179,0.005006492,0.000316007,-0.081781048,0.016516672,0.001042523,0.081322956,0.016623411,0.00104926,0,0,0,-0.024992271
MQ-1a,GLU 208,-0.006102143,0.000950457,6.00E-05,-0.38433359,0.125001408,0.007890019,0.383154179,0.12397842,0.007825448,0,0,0,-0.007281554
MQ-1a,LYS 209,-0.008132462,0.001584971,0.000100042,0.392781669,0.123739179,0.007810348,-0.396353518,0.124000082,0.007826816,0,0,0,-0.011704311
MQ-1a,ALA 210,-0.053036629,0.01454953,0.000918358,-0.085312259,0.037459404,0.002364417,0.063853359,0.037958221,0.002395902,-0.002958811,0.004951801,0.000312555,-0.077454341
MQ-1a,LEU 211,-0.042993191,0.00941262,0.000594119,-0.076000661,0.021877211,0.001380877,0.085646064,0.022990571,0.001451152,0,0,0,-0.033347789
MQ-1a,GLN 212,-0.009311008,0.001219552,7.70E-05,-0.004788112,0.025895295,0.001634497,0.007215371,0.025129655,0.00158617,0,0,0,-0.006883749
MQ-1a,VAL 213,-0.029811785,0.004484012,0.000283028,0.058087434,0.024944464,0.001574481,-0.074979223,0.025749306,0.001625282,0,0,0,-0.046703574
MQ-1a,PHE 214,-1.646421932,0.331342902,0.020914179,-0.242620546,0.160214317,0.010112638,0.362619964,0.09908669,0.006254296,-1.325344698,0.195358424,0.012330914,-2.851767212
MQ-1a,HIE 215,-0.018652056,0.002945787,0.000185936,0.033937649,0.017315799,0.001092964,-0.022994518,0.016738062,0.001056497,0,0,0,-0.007708924
MQ-1a,GLN 216,-0.0153219,0.002259769,0.000142635,0.106080797,0.060178245,0.003798417,-0.10969653,0.059675782,0.003766702,0,0,0,-0.018937633
MQ-1a,ILE 217,-0.216872546,0.089452154,0.00564617,0.098230558,0.029506212,0.001862416,-0.104090402,0.030245823,0.001909099,-0.108393459,0.101945322,0.006434732,-0.33112585
MQ-1a,HIE 218,-0.020647869,0.005016302,0.000316626,0.070603247,0.024284214,0.001532806,-0.058715928,0.02318209,0.001463241,0,0,0,-0.00876055
MQ-1a,ASP 219,-0.004006972,0.000524639,3.31E-05,-0.268885418,0.157220593,0.009923676,0.266887833,0.156186324,0.009858393,0,0,0,-0.006004558
MQ-1a,HIE 220,-0.008943151,0.001266268,7.99E-05,0.080044976,0.01783901,0.001125988,-0.079818614,0.017849071,0.001126623,0,0,0,-0.008716789
MQ-1a,VAL 221,-0.030335363,0.005568719,0.000351494,-0.032066371,0.010903115,0.000688199,0.024330837,0.010373174,0.000654749,0,0,0,-0.038070896
MQ-1a,ASN 222,-0.006089865,0.000743658,4.69E-05,0.039097725,0.027121487,0.001711893,-0.041423255,0.026955494,0.001701416,0,0,0,-0.008415394
MQ-1a,PRO 223,-0.010452024,0.001773135,0.000111919,0.025198211,0.022025404,0.001390231,-0.022687717,0.021686647,0.001368849,0,0,0,-0.00794153
MQ-1a,LYS 224,-0.003861255,0.000520594,3.29E-05,-0.001777785,0.094405994,0.005958854,0.002022944,0.093742426,0.005916969,0,0,0,-0.003616096
MQ-1a,ALA 225,-0.004315343,0.000569062,3.59E-05,0.012928996,0.019496911,0.001230634,-0.014151629,0.019412554,0.00122531,0,0,0,-0.005537976
MQ-1a,PHE 226,-0.280124199,0.08573017,0.00541124,0.018506753,0.083184867,0.005250582,0.041086936,0.083884261,0.005294728,-0.15435553,0.098691387,0.006229345,-0.37488604
MQ-1a,PHE 227,-0.0233711,0.00520392,0.000328469,0.019644817,0.029002993,0.001830653,-0.013818773,0.029286895,0.001848572,0,0,0,-0.017545056
MQ-1a,SER 228,-0.004105347,0.000536564,3.39E-05,-0.007001785,0.021954111,0.001385731,0.007326578,0.02181994,0.001377262,0,0,0,-0.003780554
MQ-1a,VAL 229,-0.007871833,0.001105824,6.98E-05,-0.009802064,0.027050849,0.001707434,0.006444279,0.026931952,0.00169993,0,0,0,-0.011229618
MQ-1a,LEU 230,-0.092087116,0.017452546,0.001101595,-0.002913319,0.05721758,0.003611542,-0.019683896,0.055525116,0.003504714,0,0,0,-0.114684331
MQ-1a,ARG 231,-0.167045203,0.06572741,0.004148677,0.010739677,0.497142945,0.031379384,0.009792072,0.487731255,0.030785324,-0.059315411,0.071227393,0.004495833,-0.205828865
MQ-1a,ILE 232,-0.034021765,0.006602541,0.000416749,-0.016460084,0.052455962,0.003310991,0.001488283,0.052532171,0.003315801,0,0,0,-0.048993566
MQ-1a,TYR 233,-0.146131841,0.043121486,0.002721804,-0.183592478,0.05812231,0.003668648,0.13590949,0.055220501,0.003485487,-0.042395617,0.028498696,0.001798822,-0.236210446
MQ-1a,LEU 234,-2.098265108,0.507493898,0.032032731,-0.175684992,0.375586139,0.023706787,0.079397263,0.34375456,0.021697595,-1.836503407,0.202685553,0.012793399,-4.031056244
MQ-1a,SER 235,-0.339194661,0.218650607,0.013801104,-0.122605211,0.145208166,0.009165458,0.128418478,0.135423424,0.008547851,-0.202094988,0.209393415,0.013216795,-0.535476383
MQ-1a,GLY 236,-0.046253689,0.016087291,0.001015421,-0.040508606,0.035703438,0.002253581,0.052663769,0.034698668,0.002190161,-0.003155704,0.007060868,0.000445678,-0.03725423
MQ-1a,TRP 237,-0.019766761,0.003543488,0.000223663,-0.013583263,0.013547838,0.000855132,0.025651155,0.014409382,0.000909512,0,0,0,-0.007698869
MQ-1a,LYS 238,-0.00872747,0.001991655,0.000125712,-0.294133992,0.261935165,0.016533201,0.293554833,0.259804356,0.016398706,0,0,0,-0.009306629
MQ-1a,GLY 239,-0.002357578,0.001100174,6.94E-05,0.001686207,0.024757265,0.001562665,-0.001648574,0.024477318,0.001544995,0,0,0,-0.002319944
MQ-1a,ASN 240,-0.005492458,0.002307643,0.000145657,-0.011283064,0.054138391,0.003417185,0.010420359,0.053537678,0.003379268,0,0,0,-0.006355163
MQ-1a,PRO 241,-0.001637347,0.000626832,3.96E-05,-0.001485327,0.011952712,0.000754449,0.001661044,0.011804415,0.000745088,0,0,0,-0.001461629
MQ-1a,GLN 242,-0.001898287,0.000801355,5.06E-05,-0.003688378,0.023393438,0.001476581,0.003616665,0.023143813,0.001460825,0,0,0,-0.00197
MQ-1a,LEU 243,-0.002378048,0.000431841,2.73E-05,0.005039817,0.006386696,0.000403125,-0.005079279,0.006319492,0.000398883,0,0,0,-0.00241751
MQ-1a,SER 244,-0.00054308,0.000112185,7.08E-06,0.003342725,0.006299597,0.000397627,-0.003308271,0.006242782,0.000394041,0,0,0,-0.000508625
MQ-1a,ASP 245,-0.000519056,6.80E-05,4.29E-06,0.102107183,0.128795295,0.008129487,-0.101854319,0.128048776,0.008082367,0,0,0,-0.000266191
MQ-1a,GLY 246,-0.00064757,8.91E-05,5.62E-06,-0.006435865,0.011344792,0.000716077,0.006362367,0.01122942,0.000708795,0,0,0,-0.000721068
MQ-1a,LEU 247,-0.00205188,0.000237221,1.50E-05,0.004020948,0.003123078,0.000197127,-0.00407357,0.00309463,0.000195331,0,0,0,-0.002104502
MQ-1a,VAL 248,-0.000468558,4.49E-05,2.84E-06,-0.000846458,0.003180212,0.000200733,0.000837709,0.003150856,0.00019888,0,0,0,-0.000477307
MQ-1a,TYR 249,-0.002288052,0.000283911,1.79E-05,0.003977092,0.004665305,0.000294471,-0.003936187,0.004638194,0.00029276,0,0,0,-0.002247147
MQ-1a,GLU 250,-0.000230861,1.91E-05,1.20E-06,0.059648896,0.057897017,0.003654427,-0.059616478,0.05764261,0.003638369,0,0,0,-0.000198442
MQ-1a,GLY 251,-7.63E-05,5.97E-06,3.77E-07,-0.000343837,0.001743529,0.000110051,0.00034445,0.001734212,0.000109463,0,0,0,-7.57E-05
MQ-1a,PHE 252,-0.000435494,4.41E-05,2.78E-06,-0.000451502,0.002572905,0.0001624,0.000453785,0.002553308,0.000161163,0,0,0,-0.000433211
MQ-1a,TRP 253,-0.000772458,8.30E-05,5.24E-06,-0.000214363,0.003693074,0.000233105,0.000203932,0.003666683,0.000231439,0,0,0,-0.000782888
MQ-1a,GLU 254,-0.000127215,1.15E-05,7.29E-07,0.068097793,0.058609374,0.003699391,-0.068002912,0.058377546,0.003684758,0,0,0,-3.23E-05
MQ-1a,ASP 255,-0.000202458,2.53E-05,1.59E-06,0.091490378,0.07978213,0.005035803,-0.091293964,0.079395929,0.005011427,0,0,0,-6.04E-06
MQ-1a,PRO 256,-0.000408414,4.35E-05,2.74E-06,0.001615203,0.004778821,0.000301637,-0.001598143,0.004738755,0.000299108,0,0,0,-0.000391355
MQ-1a,LYS 257,-0.001226028,0.000180034,1.14E-05,-0.127802908,0.098980782,0.006247612,0.12732239,0.098418536,0.006212123,0,0,0,-0.001706546
MQ-1a,GLU 258,-0.002553805,0.000321478,2.03E-05,0.193975207,0.211318806,0.013338325,-0.193592869,0.209716106,0.013237163,0,0,0,-0.002171466
MQ-1a,PHE 259,-0.011241869,0.001691417,0.000106761,-0.019013339,0.023245548,0.001467246,0.014669402,0.022740431,0.001435363,0,0,0,-0.015585805
MQ-1a,ALA 260,-0.040469044,0.011556406,0.000729434,0.043076709,0.116011984,0.007322611,-0.052889598,0.11369117,0.007176123,-0.000231586,0.001605613,0.000101345,-0.050513518
MQ-1a,GLY 261,-0.162492139,0.037126255,0.002343388,0.070311896,0.087432841,0.005518712,-0.214473972,0.082429655,0.005202914,-0.038104843,0.029958163,0.001890943,-0.344759059
MQ-1a,GLY 262,-1.320545542,0.336423658,0.021234873,-0.251512745,0.599838077,0.037861444,-0.065698805,0.461446842,0.029126266,-0.961694269,0.113846158,0.007185906,-2.599451361
MQ-1a,SER 263,-1.636743363,0.525762882,0.033185859,-3.697974713,1.729452783,0.109162092,-0.128699199,0.619408425,0.039096713,-0.962131785,0.147048934,0.009281646,-6.42554906
MQ-1a,ALA 264,-2.514189542,0.386230433,0.024378649,0.638427876,0.65504675,0.041346184,-0.366625084,0.309998103,0.019566907,-1.5188367,0.152233396,0.009608887,-3.761223449
MQ-1a,GLY 265,-0.907873438,0.127588665,0.008053325,-0.846682494,0.332584413,0.020992542,-0.000409829,0.117574303,0.007421224,-0.379299757,0.082573905,0.005212019,-2.134265518
MQ-1a,GLN 266,-2.121128343,0.448318205,0.028297594,-0.618057275,0.677659797,0.042773507,0.433943442,0.214906485,0.013564777,-1.035390192,0.270899071,0.017098998,-3.340632368
MQ-1a,SER 267,-1.986919255,0.300078824,0.018940807,-1.042002876,0.517520878,0.032665628,-0.216266287,0.177706092,0.011216709,-1.240752134,0.070675425,0.004460993,-4.485940552
MQ-1a,SER 268,-0.127156155,0.015081914,0.000951962,0.166465837,0.072163389,0.004554913,-0.179815127,0.071468118,0.004511028,-7.94E-05,0.000472937,2.99E-05,-0.140584828
MQ-1a,VAL 269,-0.825737996,0.237712198,0.015004261,-0.150785833,0.089742988,0.005664527,-0.219338829,0.068640399,0.004332544,-0.566250082,0.182034243,0.0114899,-1.762112739
MQ-1a,PHE 270,-0.751455279,0.174128515,0.010990894,-0.140400219,0.080890929,0.00510579,0.285621944,0.066984289,0.004228011,-0.597081514,0.120335249,0.007595494,-1.203315068
MQ-1a,GLN 271,-0.050887147,0.007772456,0.000490593,-0.221327347,0.062183213,0.00392497,0.214381542,0.059893916,0.00378047,0,0,0,-0.057832952
MQ-1a,CYS 272,-0.013807681,0.002289755,0.000144528,-0.022973554,0.02681283,0.001692411,0.022513486,0.025687042,0.001621352,0,0,0,-0.014267749
MQ-1a,PHE 273,-0.025402072,0.004715188,0.00029762,-0.019667402,0.020681821,0.001305425,0.029839769,0.021047281,0.001328493,0,0,0,-0.015229705
MQ-1a,ASP 274,-0.009401315,0.001200667,7.58E-05,0.259487741,0.185575252,0.011713406,-0.247297072,0.184010117,0.011614616,0,0,0,0.002789355
MQ-1a,VAL 275,-0.002485546,0.000259953,1.64E-05,-0.01764057,0.008486106,0.000535638,0.018044139,0.008409993,0.000530834,0,0,0,-0.002081976
MQ-1a,LEU 276,-0.001981865,0.000228725,1.44E-05,-0.000237681,0.007898254,0.000498533,0.00034698,0.007813397,0.000493177,0,0,0,-0.001872566
MQ-1a,LEU 277,-0.002055789,0.00024229,1.53E-05,-0.003872167,0.005265,0.000332324,0.003788809,0.005216747,0.000329278,0,0,0,-0.002139147
MQ-1a,GLY 278,-0.000440279,3.98E-05,2.51E-06,-0.006780195,0.004828201,0.000304753,0.006724908,0.004789649,0.00030232,0,0,0,-0.000495566
MQ-1a,ILE 279,-0.002594355,0.000318488,2.01E-05,0.013583629,0.004357518,0.000275044,-0.013712873,0.004338692,0.000273856,0,0,0,-0.002723598
MQ-1a,GLN 280,-0.000914291,9.74E-05,6.15E-06,0.004053649,0.008594876,0.000542504,-0.00403396,0.008536267,0.000538804,0,0,0,-0.000894602
MQ-1a,GLN 281,-0.005084685,0.000582562,3.68E-05,0.009003693,0.023991649,0.001514339,-0.010849275,0.023840731,0.001504814,0,0,0,-0.006930267
MQ-1a,THR 282,-0.001432522,0.000240846,1.52E-05,-0.002179195,0.007441053,0.000469675,0.00215004,0.007373189,0.000465392,0,0,0,-0.001461677
MQ-1a,ALA 283,-0.000369347,5.04E-05,3.18E-06,0.003585203,0.006633247,0.000418687,-0.003560908,0.006578271,0.000415217,0,0,0,-0.000345052
MQ-1a,GLY 284,-0.000202849,4.11E-05,2.60E-06,0.000178386,0.007596125,0.000479463,-0.000179693,0.007536567,0.000475704,0,0,0,-0.000204155
MQ-1a,GLY 285,-0.000259239,5.00E-05,3.16E-06,-3.64E-05,0.006205136,0.000391665,4.36E-05,0.006160162,0.000388826,0,0,0,-0.000251976
MQ-1a,GLY 286,-0.000379028,6.02E-05,3.80E-06,0.013315841,0.005346182,0.000337448,-0.013201817,0.005305149,0.000334858,0,0,0,-0.000265004
MQ-1a,HIE 287,-0.002562777,0.000857979,5.42E-05,0.01878759,0.024026764,0.001516556,-0.018614633,0.023796344,0.001502012,0,0,0,-0.002389821
MQ-1a,ALA 288,-0.002161725,0.000426082,2.69E-05,0.034109884,0.01045014,0.000659607,-0.033791343,0.010352039,0.000653415,0,0,0,-0.001843183
MQ-1a,ALA 289,-0.001336574,0.000198704,1.25E-05,0.026368685,0.00870014,0.000549148,-0.026111271,0.008615436,0.000543801,0,0,0,-0.001079159
MQ-1a,GLN 290,-0.001982092,0.000383376,2.42E-05,0.017700685,0.0165502,0.001044639,-0.017516092,0.016425784,0.001036786,0,0,0,-0.001797498
MQ-1a,PHE 291,-0.025535048,0.010026036,0.000632838,0.033638438,0.022755314,0.001436303,-0.034194371,0.022820221,0.0014404,-2.64E-05,0.00041761,2.64E-05,-0.026117392
MQ-1a,LEU 292,-0.013324645,0.002148732,0.000135627,0.046934466,0.016747013,0.001057062,-0.047197092,0.01663936,0.001050267,0,0,0,-0.013587271
MQ-1a,GLN 293,-0.0034399,0.000602441,3.80E-05,0.02578757,0.019543659,0.001233585,-0.025378116,0.019374086,0.001222881,0,0,0,-0.003030446
MQ-1a,ASP 294,-0.007089598,0.002243557,0.000141612,0.43262208,0.188991863,0.011929061,-0.429992841,0.18744533,0.011831444,0,0,0,-0.004460359
MQ-1a,MET 295,-0.074790717,0.01670747,0.001054566,0.047777506,0.094377497,0.005957055,-0.038724283,0.085027861,0.005366911,-4.31E-07,6.81E-06,4.30E-07,-0.065737925
MQ-1a,ARG 296,-0.012398614,0.001957611,0.000123563,-0.43457598,0.146491348,0.009246452,0.434395207,0.146272339,0.009232628,0,0,0,-0.012579386
MQ-1a,ARG 297,-0.00657655,0.002394034,0.00015111,-0.342404944,0.13847181,0.008740263,0.339214239,0.13736857,0.008670627,0,0,0,-0.009767255
MQ-1a,TYR 298,-0.063768518,0.0223229,0.001409009,-0.02613439,0.037819569,0.00238715,0.031734331,0.036175575,0.002283382,-0.000133297,0.001223472,7.72E-05,-0.058301875
MQ-1a,MET 299,-0.02819594,0.007178616,0.00045311,-0.019332171,0.049067656,0.003097123,0.022248542,0.048122318,0.003037454,0,0,0,-0.02527957
MQ-1a,PRO 300,-0.011141143,0.002071598,0.000130758,0.022422327,0.012243112,0.000772778,-0.021502187,0.011348397,0.000716304,0,0,0,-0.010221004
MQ-1a,PRO 301,-0.002220311,0.000335607,2.12E-05,0.008508602,0.005964895,0.000376501,-0.008617586,0.005839301,0.000368573,0,0,0,-0.002329295
MQ-1a,ALA 302,-0.001343355,0.000207843,1.31E-05,-0.003862924,0.005199935,0.000328217,0.004191315,0.005115651,0.000322897,0,0,0,-0.001014964
MQ-1a,HIE 303,-0.010364143,0.002393629,0.000151085,0.053816964,0.017936953,0.00113217,-0.054313008,0.017918267,0.001130991,0,0,0,-0.010860187
MQ-1a,ARG 304,-0.004545665,0.000747426,4.72E-05,-0.332041004,0.119211564,0.007524567,0.329447542,0.118377343,0.007471912,0,0,0,-0.007139127
MQ-1a,ASN 305,-0.000949375,0.000111293,7.02E-06,0.000441586,0.009332273,0.000589048,-0.000437307,0.009274597,0.000585407,0,0,0,-0.000945096
MQ-1a,PHE 306,-0.003164223,0.000401031,2.53E-05,-0.013595259,0.008255128,0.000521059,0.0135129,0.008150177,0.000514435,0,0,0,-0.003246582
MQ-1a,LEU 307,-0.004737888,0.000707653,4.47E-05,-0.025914179,0.007753492,0.000489396,0.025449721,0.007625185,0.000481297,0,0,0,-0.005202347
MQ-1a,CYS 308,-0.00069949,9.25E-05,5.84E-06,-0.005696534,0.007319336,0.000461992,0.005601753,0.007272388,0.000459029,0,0,0,-0.000794271
MQ-1a,SER 309,-0.000421916,4.17E-05,2.63E-06,-0.009823247,0.005069739,0.000319999,0.009759339,0.005026822,0.00031729,0,0,0,-0.000485825
MQ-1a,LEU 310,-0.001466582,0.000185434,1.17E-05,-0.011112418,0.006044018,0.000381495,0.011031215,0.005987473,0.000377926,0,0,0,-0.001547785
MQ-1a,GLU 311,-0.000724446,0.000126533,7.99E-06,0.161347271,0.07755116,0.004894986,-0.160389064,0.077077282,0.004865075,0,0,0,0.000233761
MQ-1a,SER 312,-0.000198187,1.81E-05,1.14E-06,-0.004914976,0.00445756,0.000281359,0.00487859,0.004426425,0.000279393,0,0,0,-0.000234574
MQ-1a,ASN 313,-0.000279486,2.49E-05,1.57E-06,0.008388124,0.004541183,0.000286637,-0.008341996,0.004514693,0.000284965,0,0,0,-0.000233359
MQ-1a,PRO 314,-0.000151833,1.23E-05,7.77E-07,-0.000523016,0.003449473,0.000217729,0.000520781,0.003427049,0.000216313,0,0,0,-0.000154068
MQ-1a,SER 315,-0.000172486,1.83E-05,1.15E-06,-0.007035685,0.00261944,0.000165338,0.006998649,0.002601064,0.000164178,0,0,0,-0.000209522
MQ-1a,VAL 316,-0.000315167,3.18E-05,2.01E-06,-0.00201306,0.003348509,0.000211356,0.002010187,0.003323163,0.000209756,0,0,0,-0.00031804
MQ-1a,ARG 317,-0.000438892,3.79E-05,2.39E-06,-0.027364454,0.055591989,0.003508935,0.027294649,0.055324303,0.003492039,0,0,0,-0.000508697
MQ-1a,GLU 318,-0.000125649,1.20E-05,7.57E-07,0.024661112,0.037600968,0.002373352,-0.024591406,0.037472709,0.002365256,0,0,0,-5.59E-05
MQ-1a,PHE 319,-0.000119183,8.45E-06,5.33E-07,-0.000195347,0.001856119,0.000117157,0.000198124,0.001844842,0.000116445,0,0,0,-0.000116406
MQ-1a,VAL 320,-0.000135319,1.03E-05,6.50E-07,-0.000834765,0.001979852,0.000124967,0.000837618,0.00196678,0.000124142,0,0,0,-0.000132466
MQ-1a,LEU 321,-0.000113135,1.03E-05,6.51E-07,-0.002398438,0.001532444,9.67E-05,0.002390566,0.001524019,9.62E-05,0,0,0,-0.000121008
MQ-1a,SER 322,-3.71E-05,2.32E-06,1.47E-07,-0.001333892,0.001629857,0.000102876,0.001331319,0.00162156,0.000102352,0,0,0,-3.97E-05
MQ-1a,LYS 323,-5.08E-05,4.46E-06,2.81E-07,0.00828612,0.032268219,0.002036752,-0.008236319,0.032189461,0.002031781,0,0,0,-9.60E-07
MQ-1a,GLY 324,-2.34E-05,3.14E-06,1.98E-07,0.000369665,0.00190958,0.000120532,-0.000363673,0.001900003,0.000119927,0,0,0,-1.74E-05
MQ-1a,ASP 325,-4.94E-05,3.24E-06,2.04E-07,-0.040426307,0.036873707,0.002327448,0.040242486,0.036776972,0.002321342,0,0,0,-0.000233175
MQ-1a,ALA 326,-4.02E-05,2.86E-06,1.81E-07,-0.002053562,0.001595534,0.000100709,0.002034757,0.001586505,0.000100139,0,0,0,-5.90E-05
MQ-1a,GLY 327,-4.35E-05,3.51E-06,2.22E-07,-0.00379812,0.00182682,0.000115308,0.003767522,0.001816067,0.000114629,0,0,0,-7.41E-05
MQ-1a,LEU 328,-0.000130311,8.74E-06,5.52E-07,-0.004046004,0.00247056,0.00015594,0.004012359,0.002455454,0.000154987,0,0,0,-0.000163956
MQ-1a,ARG 329,-0.00016412,1.38E-05,8.72E-07,0.024646,0.033584035,0.002119805,-0.024525952,0.033492621,0.002114036,0,0,0,-4.41E-05
MQ-1a,GLU 330,-0.000194135,1.87E-05,1.18E-06,-0.079486191,0.049338401,0.003114212,0.079021785,0.049159132,0.003102897,0,0,0,-0.000658542
MQ-1a,ALA 331,-0.000213498,1.91E-05,1.21E-06,-0.007790207,0.00327987,0.000207024,0.007718434,0.003255672,0.000205496,0,0,0,-0.000285271
MQ-1a,TYR 332,-0.000756964,6.57E-05,4.15E-06,-0.00908792,0.003807394,0.000240321,0.00899559,0.003777819,0.000238454,0,0,0,-0.000849295
MQ-1a,ASP 333,-0.000487705,4.85E-05,3.06E-06,-0.076610271,0.063589666,0.004013744,0.076011155,0.063286381,0.003994601,0,0,0,-0.001086821
MQ-1a,ALA 334,-0.000618745,7.72E-05,4.87E-06,-0.012639645,0.004784864,0.000302018,0.01244396,0.00473966,0.000299165,0,0,0,-0.00081443
MQ-1a,CYS 335,-0.001709904,0.000213531,1.35E-05,-0.017376375,0.009264427,0.000584765,0.016323677,0.009222486,0.000582118,0,0,0,-0.002762602
MQ-1a,VAL 336,-0.002237203,0.000262082,1.65E-05,-0.01349151,0.007768744,0.000490359,0.012747008,0.007672867,0.000484307,0,0,0,-0.002981705
MQ-1a,LYS 337,-0.002287016,0.000342592,2.16E-05,0.113279681,0.06961121,0.004393821,-0.113139506,0.069295258,0.004373878,0,0,0,-0.002146841
MQ-1a,ALA 338,-0.005887108,0.001099162,6.94E-05,-0.034463032,0.013442991,0.000848514,0.027813215,0.013154189,0.000830285,0,0,0,-0.012536924
MQ-1a,LEU 339,-0.03527104,0.007112648,0.000448946,-0.037287112,0.017765431,0.001121344,0.031991486,0.018186663,0.001147932,-0.000133048,0.000990018,6.25E-05,-0.040699713
MQ-1a,VAL 340,-0.009337586,0.001584869,0.000100036,-0.009613837,0.012942045,0.000816895,0.011195008,0.013546344,0.000855038,0,0,0,-0.007756414
MQ-1a,SER 341,-0.011894135,0.002648796,0.000167191,-0.001834207,0.019436035,0.001226792,-0.015961805,0.019811613,0.001250498,0,0,0,-0.029690147
MQ-1a,LEU 342,-0.456753032,0.136898934,0.008640984,0.070041076,0.048491379,0.003060749,-0.076994199,0.049006836,0.003093284,-0.392619762,0.114267162,0.007212479,-0.856325917
MQ-1a,ARG 343,-0.145017829,0.032589914,0.002057057,-0.285953797,0.245532414,0.015497869,0.2604909,0.24231732,0.015294934,-0.026293504,0.029518424,0.001863186,-0.196774229
MQ-1a,SER 344,-0.019823614,0.003982089,0.000251347,0.021936693,0.014829885,0.000936054,-0.020522892,0.015299752,0.000965712,0,0,0,-0.018409813
MQ-1a,TYR 345,-0.096257789,0.027266678,0.001721057,-0.023897016,0.04038294,0.002548949,-0.051912622,0.041355439,0.002610332,-0.000860739,0.00378231,0.000238737,-0.172928165
MQ-1a,HIE 346,-2.129378753,0.327948313,0.020699914,-1.121165693,0.372313196,0.023500201,0.788741179,0.211147884,0.013327536,-1.551659329,0.19060228,0.012030709,-4.013462596
MQ-1a,LEU 347,-0.077183956,0.018059231,0.001139889,-0.018526498,0.021475191,0.001355502,0.073139944,0.026275488,0.001658494,-0.000981441,0.002691742,0.000169901,-0.023551951
MQ-1a,GLN 348,-0.036789781,0.008000208,0.000504969,0.020906287,0.027448545,0.001732537,-0.049369892,0.034635884,0.002186198,-5.79E-06,5.48E-05,3.46E-06,-0.06525918
MQ-1a,ILE 349,-0.724234394,0.237390839,0.014983977,0.122554008,0.063461991,0.004005685,-0.199415725,0.054387239,0.003432892,-0.628903127,0.132203707,0.008344624,-1.429999239
MQ-1a,VAL 350,-0.481074633,0.144302251,0.009108277,0.051336924,0.065076311,0.00410758,-0.031270924,0.055803554,0.003522289,-0.426842659,0.083734756,0.005285291,-0.887851292
MQ-1a,THR 351,-0.025497275,0.004615089,0.000291302,0.025089386,0.033473023,0.002112799,-0.020645295,0.034793377,0.002196138,-1.56E-06,2.46E-05,1.55E-06,-0.02105474
MQ-1a,LYS 352,-0.023519984,0.003934171,0.000248323,0.205180625,0.241614214,0.015250554,-0.218922076,0.23840939,0.015048267,0,0,0,-0.037261434
MQ-1a,TYR 353,-0.133579665,0.037551715,0.002370243,0.017783215,0.040250882,0.002540613,-0.006435829,0.038894814,0.002455019,-0.00864567,0.026211133,0.001654432,-0.130877949
MQ-1a,ILE 354,-0.368458522,0.116907109,0.007379111,0.042467645,0.021164734,0.001335906,-0.038719251,0.022019026,0.001389829,-0.422351727,0.134914315,0.008515716,-0.787061855
MQ-1a,LEU 355,-0.019759327,0.003438589,0.000217042,0.01613192,0.021737977,0.001372089,-0.015545179,0.02206722,0.001392871,0,0,0,-0.019172586
MQ-1a,ILE 356,-0.005243534,0.000642214,4.05E-05,0.010430315,0.019968754,0.001260417,-0.01034643,0.019780372,0.001248526,0,0,0,-0.005159649
MQ-1a,PRO 357,-0.00709749,0.001209896,7.64E-05,0.005945614,0.018605025,0.001174339,-0.00453708,0.018528749,0.001169524,0,0,0,-0.005688956
MQ-1a,ALA 358,-0.00353596,0.000629431,3.97E-05,0.009817195,0.009155065,0.000577863,-0.009391347,0.009033727,0.000570204,0,0,0,-0.003110112
MQ-1a,SER 359,-0.001308183,0.000167997,1.06E-05,0.005436442,0.009795141,0.000618264,-0.005334303,0.009709679,0.00061287,0,0,0,-0.001206044
MQ-1a,GLN 360,-0.001313912,0.00020046,1.27E-05,0.004924518,0.007460525,0.000470904,-0.004877175,0.007399983,0.000467083,0,0,0,-0.00126657
MQ-1a,GLN 361,-0.00169788,0.000515828,3.26E-05,-0.000656032,0.015343521,0.000968474,0.00065312,0.015201885,0.000959534,0,0,0,-0.001700793
MQ-1a,PRO 362,-0.000511996,0.000147818,9.33E-06,0.00133339,0.010989121,0.000693627,-0.0013509,0.010883104,0.000686935,0,0,0,-0.000529506
MQ-1a,LYS 363,-0.000500227,0.000175502,1.11E-05,-0.029572235,0.095419716,0.006022839,0.029630382,0.094873791,0.005988381,0,0,0,-0.00044208
MQ-1a,GLU 364,-0.001628175,0.001432218,9.04E-05,0.071414442,0.242375982,0.015298636,-0.071345167,0.240337036,0.015169939,0,0,0,-0.0015589
MQ-1a,ASN 365,-0.000430865,0.000371579,2.35E-05,0.003946761,0.012443616,0.000785434,-0.003929518,0.012337799,0.000778755,0,0,0,-0.000413622
MQ-1a,LYS 366,-0.000337163,0.000248004,1.57E-05,-0.055053398,0.10655897,0.006725943,0.054966004,0.105994913,0.00669034,0,0,0,-0.000424558
MQ-1a,THR 367,-0.00037651,0.00016964,1.07E-05,-0.000647924,0.003816998,0.000240927,0.000648255,0.00378382,0.000238833,0,0,0,-0.000376179
MQ-1a,SER 368,-0.000193215,6.35E-05,4.01E-06,-0.002250849,0.004163901,0.000262823,0.002235948,0.004131979,0.000260808,0,0,0,-0.000208116
MQ-1a,GLU 369,-0.000138625,4.12E-05,2.60E-06,0.031803737,0.077432849,0.004887518,-0.031815032,0.077063113,0.004864181,0,0,0,-0.00014992
MQ-1a,ASP 370,-0.000132454,4.87E-05,3.07E-06,0.045684506,0.078705709,0.00496786,-0.045633825,0.078320636,0.004943555,0,0,0,-8.18E-05
MQ-1a,PRO 371,-0.000171582,9.53E-05,6.02E-06,0.002194697,0.005055814,0.00031912,-0.002192777,0.005013688,0.000316461,0,0,0,-0.000169661
MQ-1a,SER 372,-0.000164665,8.91E-05,5.62E-06,0.003246016,0.005661891,0.000357375,-0.003234032,0.005614316,0.000354373,0,0,0,-0.000152681
MQ-1a,LYS 373,-0.000340343,0.000138999,8.77E-06,-0.062867398,0.095416668,0.006022647,0.062733833,0.09492122,0.005991374,0,0,0,-0.000473908
MQ-1a,LEU 374,-0.000561713,0.000261854,1.65E-05,0.002750574,0.009590738,0.000605362,-0.002751685,0.00949883,0.000599561,0,0,0,-0.000562825
MQ-1a,GLU 375,-0.000794904,0.000628021,3.96E-05,0.041147996,0.08800379,0.00555475,-0.0411871,0.087406791,0.005517068,0,0,0,-0.000834008
MQ-1a,ALA 376,-0.000630701,0.000399229,2.52E-05,0.006583004,0.01289007,0.000813614,-0.00654457,0.012754811,0.000805077,0,0,0,-0.000592267
MQ-1a,LYS 377,-0.001994359,0.000857001,5.41E-05,-0.130553669,0.268922557,0.016974241,0.13010545,0.266652181,0.016830936,0,0,0,-0.002442578
MQ-1a,GLY 378,-0.001219625,0.000312767,1.97E-05,0.005457988,0.013417788,0.000846923,-0.005408677,0.013297025,0.000839301,0,0,0,-0.001170315
MQ-1a,THR 379,-0.002780434,0.001084218,6.84E-05,-0.000675092,0.026788846,0.001690897,0.000564287,0.026517326,0.001673759,0,0,0,-0.002891239
MQ-1a,GLY 380,-0.002775044,0.002230074,0.000140761,0.003241574,0.037298694,0.002354273,-0.003264454,0.03686764,0.002327065,0,0,0,-0.002797924
MQ-1a,GLY 381,-0.002988367,0.002463223,0.000155477,0.009573586,0.0391667,0.00247218,-0.009556653,0.038661678,0.002440303,0,0,0,-0.002971434
MQ-1a,THR 382,-0.012185896,0.004712809,0.00029747,-0.006295876,0.067105899,0.004235687,0.006142494,0.066364754,0.004188906,0,0,0,-0.012339279
MQ-1a,ASP 383,-0.011159741,0.006514257,0.000411176,0.216826586,0.370834538,0.023406868,-0.215792833,0.367423905,0.023191591,-5.08E-06,8.03E-05,5.07E-06,-0.010131065
MQ-1a,LEU 384,-0.153556594,0.095538501,0.006030337,0.042345514,0.044319239,0.002797406,-0.047651271,0.044539073,0.002811281,-0.093700118,0.132537633,0.008365701,-0.252562469
MQ-1a,MET 385,-0.013519733,0.005086507,0.000321057,0.01273845,0.025440351,0.001605781,-0.011467016,0.02475568,0.001562565,0,0,0,-0.012248299
MQ-1a,ASN 386,-0.003934331,0.000683792,4.32E-05,-0.007374418,0.033610083,0.00212145,0.007237382,0.033293361,0.002101458,0,0,0,-0.004071367
MQ-1a,PHE 387,-0.02826443,0.006282422,0.000396543,-0.026937737,0.025819886,0.001629737,0.02311588,0.025832198,0.001630514,0,0,0,-0.032086287
MQ-1a,LEU 388,-0.096652036,0.018134282,0.001144626,-0.003204669,0.022495578,0.001419908,0.010856406,0.022916082,0.00144645,-0.000880674,0.002352542,0.000148491,-0.089880973
MQ-1a,LYS 389,-0.00630145,0.000956513,6.04E-05,-0.022557016,0.08119713,0.005125117,0.02604808,0.08054401,0.005083893,0,0,0,-0.002810386
MQ-1a,THR 390,-0.003156912,0.000336299,2.12E-05,-0.024405749,0.01398341,0.000882625,0.02357898,0.013827255,0.000872769,0,0,0,-0.003983681
MQ-1a,VAL 391,-0.014220673,0.00182311,0.000115074,-0.02827412,0.012675576,0.000800075,0.01680851,0.012546857,0.000791951,0,0,0,-0.025686283
MQ-1a,ARG 392,-0.011033956,0.001634278,0.000103155,0.060656554,0.111178462,0.007017522,-0.053562809,0.110297802,0.006961936,0,0,0,-0.003940211
MQ-1a,SER 393,-0.001601235,0.000160602,1.01E-05,-0.01029461,0.008300501,0.000523923,0.010617745,0.008256186,0.000521126,0,0,0,-0.0012781
MQ-1a,THR 394,-0.001892398,0.000171359,1.08E-05,-0.01602157,0.010211566,0.000644548,0.015603821,0.010099499,0.000637475,0,0,0,-0.002310147
MQ-1a,THR 395,-0.004974749,0.000664906,4.20E-05,0.001121928,0.006572446,0.000414849,-0.001083904,0.006630201,0.000418495,0,0,0,-0.004936725
MQ-1a,GLU 396,-0.00161951,0.000209197,1.32E-05,-0.037977876,0.069466096,0.004384661,0.037938498,0.069054948,0.00435871,0,0,0,-0.001658888
MQ-1a,LYS 397,-0.000725896,7.33E-05,4.62E-06,-0.057081139,0.054084903,0.003413809,0.056871896,0.053780362,0.003394586,0,0,0,-0.000935139
MQ-1a,SER 398,-0.000598056,5.91E-05,3.73E-06,0.000731402,0.005021994,0.000316985,-0.000714892,0.004984806,0.000314638,0,0,0,-0.000581546
MQ-1a,LEU 399,-0.000712104,0.000101016,6.38E-06,0.008468267,0.002868096,0.000181033,-0.008413406,0.002852675,0.000180059,0,0,0,-0.000657243
MQ-1a,LEU 400,-0.000238215,1.82E-05,1.15E-06,0.001024948,0.003414184,0.000215501,-0.001016056,0.003394165,0.000214238,0,0,0,-0.000229323
MQ-1a,LYS 401,-0.000191629,5.12E-05,3.23E-06,0.051261757,0.046732663,0.00294974,-0.050956335,0.046544679,0.002937874,0,0,0,0.000113793
MQ-1a,GLU 402,-8.89E-05,2.45E-05,1.54E-06,-0.022628279,0.035495012,0.002240425,0.022500594,0.035381975,0.00223329,0,0,0,-0.000216578
MQ-1a,GLY 403,-5.59E-05,2.89E-05,1.83E-06,-0.01202206,0.032525236,0.002052975,0.011927948,0.032412279,0.002045845,0,0,0,-0.000150048
